run,first_token,last_token,mean_ms,p50_ms,p95_ms,p99_ms,max_ms,ring_misses,ring_hits,payload_bytes,io_wait_ms
instrumented-baseline-1000-r1,1,100,44.6026,43.6371,52.5021,58.1000,64.6159,213,6727,294451200,124.8590
instrumented-baseline-1000-r1,101,200,46.3942,45.9631,52.7834,55.2065,56.8931,80,15222,110592000,70.4074
instrumented-baseline-1000-r1,201,300,46.4792,45.8161,52.9143,58.3169,58.6782,51,18483,70502400,52.3251
instrumented-baseline-1000-r1,301,400,48.0844,46.9458,54.7078,67.7613,74.9669,54,20052,74649600,52.8977
instrumented-baseline-1000-r1,401,500,47.9839,46.9760,54.3824,59.4669,67.3930,28,20546,38707200,33.0486
instrumented-baseline-1000-r1,501,600,47.8648,46.9449,56.7342,60.6289,61.5941,42,21230,58060800,30.9730
instrumented-baseline-1000-r1,601,700,45.7563,45.0349,52.3228,54.2802,55.9816,44,14458,60825600,44.4926
instrumented-baseline-1000-r1,701,800,46.8937,46.2599,53.5839,57.2298,59.1959,25,19519,34560000,27.9113
instrumented-baseline-1000-r1,801,900,47.9002,47.4008,53.1679,56.9004,57.5495,22,21396,30412800,20.9121
instrumented-baseline-1000-r1,901,1000,47.4256,46.3127,53.9228,57.2948,62.9892,21,21699,29030400,27.6393
instrumented-baseline-1000-r2,1,100,44.3569,43.0289,53.4599,65.4158,66.5979,213,6727,294451200,134.3600
instrumented-baseline-1000-r2,101,200,46.2227,45.2746,55.8081,57.9790,58.1473,80,15222,110592000,90.6354
instrumented-baseline-1000-r2,201,300,46.9758,46.1889,52.8124,56.2343,59.0136,51,18483,70502400,65.2339
instrumented-baseline-1000-r2,301,400,47.4148,46.8300,54.4346,61.5709,63.0416,54,20052,74649600,50.7167
instrumented-baseline-1000-r2,401,500,47.2265,46.9761,52.6036,53.9908,54.8868,28,20546,38707200,38.4649
instrumented-baseline-1000-r2,501,600,47.4387,46.4320,55.8727,59.8358,66.3105,42,21230,58060800,48.4006
instrumented-baseline-1000-r2,601,700,45.7080,44.6810,52.0412,58.1438,71.4458,44,14458,60825600,47.8388
instrumented-baseline-1000-r2,701,800,46.9425,46.0404,53.0825,54.0928,58.6345,25,19519,34560000,32.5047
instrumented-baseline-1000-r2,801,900,47.5450,47.0839,53.2221,54.8573,56.2702,22,21396,30412800,29.1444
instrumented-baseline-1000-r2,901,1000,48.1539,47.5975,55.6512,56.8937,58.5953,21,21699,29030400,26.7366
instrumented-baseline-1000-r3,1,100,43.6600,42.6736,49.2006,59.3080,62.5223,213,6727,294451200,133.9461
instrumented-baseline-1000-r3,101,200,45.8388,45.2214,51.1651,53.6462,59.8774,80,15222,110592000,78.2727
instrumented-baseline-1000-r3,201,300,46.6725,46.2146,52.7532,55.6909,56.1371,51,18483,70502400,65.3819
instrumented-baseline-1000-r3,301,400,46.8903,46.0151,53.7209,55.1351,57.0337,54,20052,74649600,58.5680
instrumented-baseline-1000-r3,401,500,46.7698,46.2462,52.4962,53.4995,53.9060,28,20546,38707200,43.2297
instrumented-baseline-1000-r3,501,600,47.5480,46.9869,53.0018,55.7636,55.8230,42,21230,58060800,46.7338
instrumented-baseline-1000-r3,601,700,44.7424,44.5849,50.8558,52.9034,53.1918,44,14458,60825600,52.1638
instrumented-baseline-1000-r3,701,800,46.1541,45.4412,53.0168,55.0375,55.1776,25,19519,34560000,36.3189
instrumented-baseline-1000-r3,801,900,46.9018,46.1120,52.4214,54.8113,56.7816,22,21396,30412800,26.3817
instrumented-baseline-1000-r3,901,1000,47.5036,46.6909,53.9270,58.0341,59.4925,21,21699,29030400,32.3568
instrumented-baseline-2000-r1,1,100,43.9654,42.6640,54.4952,58.4868,62.4214,213,6727,294451200,124.8412
instrumented-baseline-2000-r1,101,200,45.9303,45.8562,51.7241,52.4531,55.1747,80,15222,110592000,65.9759
instrumented-baseline-2000-r1,201,300,46.6012,46.1164,52.5415,56.4547,56.5261,51,18483,70502400,62.5029
instrumented-baseline-2000-r1,301,400,47.3619,46.8895,53.7473,56.1038,56.7768,54,20052,74649600,56.4499
instrumented-baseline-2000-r1,401,500,47.0621,46.0811,53.6901,57.7824,63.0134,28,20546,38707200,36.0824
instrumented-baseline-2000-r1,501,600,47.5089,46.7347,52.4126,60.2958,60.3583,42,21230,58060800,46.7539
instrumented-baseline-2000-r1,601,700,45.9945,45.7327,51.5234,55.5870,60.3046,44,14458,60825600,49.7652
instrumented-baseline-2000-r1,701,800,47.8733,47.0403,56.2696,65.4503,76.0232,25,19519,34560000,31.6410
instrumented-baseline-2000-r1,801,900,48.1588,47.5222,53.8745,55.7599,56.5003,22,21396,30412800,21.6871
instrumented-baseline-2000-r1,901,1000,47.9276,47.1470,53.6606,56.9853,63.9076,21,21699,29030400,25.0360
instrumented-baseline-2000-r1,1001,1100,47.0157,46.1275,54.5331,56.0048,59.0925,15,21877,20736000,20.8042
instrumented-baseline-2000-r1,1101,1200,47.5823,47.2478,54.8461,56.4688,56.9559,10,22640,13824000,10.1431
instrumented-baseline-2000-r1,1201,1300,48.0858,47.1607,55.0936,56.0021,61.3184,8,22698,11059200,10.9671
instrumented-baseline-2000-r1,1301,1400,47.9723,47.3733,53.6782,56.0407,58.5390,8,22532,11059200,9.3494
instrumented-baseline-2000-r1,1401,1500,48.0178,47.1864,54.3407,59.5256,63.7438,13,22365,17971200,14.5964
instrumented-baseline-2000-r1,1501,1600,47.9894,47.3556,53.1531,55.1622,55.4144,8,22378,11059200,11.1928
instrumented-baseline-2000-r1,1601,1700,48.1635,47.7676,53.4912,57.1116,58.3423,16,22598,22118400,22.4889
instrumented-baseline-2000-r1,1701,1800,48.5433,47.8787,54.5716,57.2898,58.3296,28,22852,38707200,29.5936
instrumented-baseline-2000-r1,1801,1900,48.2881,47.2860,54.7030,57.9983,58.5447,15,22599,20736000,19.9177
instrumented-baseline-2000-r1,1901,2000,48.7072,47.4832,56.3682,61.4954,75.2759,9,22547,12441600,13.4063
