run,trace_mode,decode_tokens,workers,decode_tok_s,decode_ms,mean_token_ms,p50_ms,p95_ms,p99_ms,max_ms,ring_reads_delta,ring_misses_delta,payload_bytes_delta,io_wait_ms,available_ram_min_mib,max_working_set_mib,gpu_used_gib,output_prefix_match,first_mismatch_token,notes
baseline-1000-r1,none,1000,7,21.140,47313.2,,,,,,,,,,2374,18235.1,,true,,untraced baseline
baseline-1000-r2,none,1000,7,20.480,48835.1,,,,,,,,,,2935,18083.1,,true,,untraced baseline
baseline-1000-r3,none,1000,7,19.210,52055.9,,,,,,,,,,2681,18141.2,,true,,untraced baseline
baseline-2000-r1,none,2000,7,20.320,98435.1,,,,,,,,,,2417,18235.8,,true,,untraced baseline
instrumented-baseline-1000-r1,trace,1000,7,21.300,46938.5,46.9385,46.2599,53.7840,58.6782,74.9669,580,580,801792000,485.4661,1331,18235.5,31.287,true,,trace baseline
instrumented-baseline-1000-r2,trace,1000,7,21.370,46798.5,46.7985,46.2647,53.9908,58.5953,71.4458,580,580,801792000,564.0360,1329,18236.2,31.287,true,,trace baseline
instrumented-baseline-1000-r3,trace,1000,7,21.610,46268.1,46.2681,45.7673,52.9865,56.1371,62.5223,580,580,801792000,573.3534,1390,18235.7,31.287,true,,trace baseline
instrumented-baseline-2000-r1,trace,2000,7,21.080,94874.9,47.4375,46.9159,54.3407,58.4382,76.0232,710,710,981504000,683.1950,1452,18235.6,31.287,true,,trace baseline
worker2-1000-r1,trace,1000,2,20.270,49342.5,49.3425,48.7103,57.6221,62.3914,80.8242,580,580,801792000,478.3256,1518,18234.8,31.287,true,,worker-count comparison
worker2-1000-r2,trace,1000,2,19.680,50808.1,50.8081,49.7483,60.1458,65.3805,79.5960,580,580,801792000,460.7990,1390,18234.6,31.287,true,,worker-count comparison
worker2-1000-r3,trace,1000,2,19.870,50334.5,50.3345,49.6958,58.9375,64.9081,74.9942,580,580,801792000,520.9842,1668,18235.0,31.287,true,,worker-count comparison
worker5-1000-r1,trace,1000,5,21.130,47315.9,47.3159,46.7025,54.0797,60.5505,79.0694,580,580,801792000,581.0277,1728,18235.5,31.287,true,,worker-count comparison
worker5-1000-r2,trace,1000,5,20.980,47663.3,47.6633,47.1029,54.6953,62.1627,97.5429,580,580,801792000,538.2887,2144,18235.3,31.287,true,,worker-count comparison
worker5-1000-r3,trace,1000,5,21.020,47573.7,47.5737,46.9881,54.2827,59.6633,100.6078,580,580,801792000,454.2180,2170,18240.4,31.287,true,,worker-count comparison
spec4-1000-r1,spec4,1000,7,34.680,28833.6,,,,,,,,,,1700,18263.3,,false,6,speculative; rejected for output mismatch
host-worker-ab-regular-1,trace,1000,7,20.760,48167.7,48.1677,47.1803,56.8106,66.0474,88.6695,580,580,801792000,512.1935,1180,18235.4,31.287,true,,host-worker regular A/B
host-worker-ab-nohost-1,trace,1000,7,21.250,47058.2,47.0582,46.7454,54.1191,59.2217,78.9627,580,580,801792000,579.2335,1332,18236.0,31.287,true,,--no-host-worker A/B
host-worker-ab-regular-2,trace,1000,7,21.430,46659.6,46.6596,46.1512,53.5920,57.2346,70.3445,580,580,801792000,577.3381,1375,18236.0,31.287,true,,host-worker regular A/B
host-worker-ab-nohost-2,trace,1000,7,21.230,47099.1,47.0991,46.5855,54.5477,58.2532,64.7922,580,580,801792000,548.6569,1436,18235.7,31.287,true,,--no-host-worker A/B
host-worker-ab-regular-3,trace,1000,7,21.500,46516.5,46.5165,45.8780,53.5889,58.8526,71.5536,580,580,801792000,540.4807,1672,18145.3,31.287,true,,host-worker regular A/B
host-worker-ab-nohost-3,trace,1000,7,21.030,47553.3,47.5533,47.0206,54.4298,60.5275,81.8053,580,580,801792000,544.9237,1605,18235.6,31.287,true,,--no-host-worker A/B
